Model,ROC-AUC,PR-AUC,Precision,Recall,F1-score
Logistic Regression,0.6565315315315317,0.013104595940052192,0.013774104683195593,0.35714285714285715,0.026525198938992044
XGBoost,0.5961440764072343,0.01005992685516976,0.0,0.0,0.0
Random Forest,0.6122866287339972,0.008968903183118455,0.0,0.0,0.0
Gradient Boosting,0.5953397006028585,0.008304504988931835,0.0,0.0,0.0
