Model,ROC-AUC,PR-AUC,Precision,Recall,F1-score
Logistic Regression,0.7862421383647799,0.0038783616394767865,0.0,0.0,0.0
XGBoost,0.7108883647798742,0.003592813525043966,0.0,0.0,0.0
Random Forest,0.6930031446540881,0.0026511140667308353,0.0,0.0,0.0
Gradient Boosting,0.6805817610062892,0.00255409236371298,0.0,0.0,0.0
