Model,ROC-AUC,PR-AUC,Precision,Recall,F1-score
Gradient Boosting,0.7613067840704423,0.030270532760746892,0.034482758620689655,0.02631578947368421,0.029850746268656716
Logistic Regression,0.7405818491094658,0.021940265277064403,0.0311284046692607,0.21052631578947367,0.05423728813559322
Random Forest,0.7292625575345207,0.01880845384053527,0.0,0.0,0.0
XGBoost,0.6650302681608965,0.016956621440767723,0.0,0.0,0.0
