Model,ROC-AUC,PR-AUC,Precision,Recall,F1-score
Random Forest,0.7242981678486997,0.014151488071997499,0.0,0.0,0.0
Gradient Boosting,0.768646572104019,0.013265842259601722,0.0,0.0,0.0
Logistic Regression,0.6632830969267139,0.01079318922334646,0.009708737864077669,0.1875,0.018461538461538463
XGBoost,0.6459958628841607,0.009617999103301448,0.0,0.0,0.0
