Model,ROC-AUC,PR-AUC,Precision,Recall,F1-score
Logistic Regression,0.8312349345730028,0.021769137833636164,0.014705882352941176,0.045454545454545456,0.022222222222222223
Gradient Boosting,0.7911824207988981,0.017372728289144886,0.0,0.0,0.0
XGBoost,0.6469309573002755,0.012950355547214427,0.0,0.0,0.0
Random Forest,0.6975346504820937,0.01184437731931918,0.0,0.0,0.0
