Model,ROC-AUC,PR-AUC,Precision,Recall,F1-score
XGBoost,0.7335872411330635,0.0362636223112751,0.07692307692307693,0.022222222222222223,0.034482758620689655
Logistic Regression,0.7182311089952127,0.02538134981031449,0.022443890274314215,0.2,0.04035874439461883
Random Forest,0.6521806977174747,0.018080489324794627,0.0,0.0,0.0
Gradient Boosting,0.6237112856727235,0.014996904279241875,0.0,0.0,0.0
