{
    "burglary": 0.542960538343819,
    "theft": 0.513015247353117,
    "vehicle": 0.24467776336151092,
    "robbery": 0.5937935276303391,
    "drugs": 0.5545615596560426,
    "stabbing": 0.38564892923469984
}